Filename,17500x_o.tif,17500x_b.tif,9700x_k.tif,9700x_h.tif,7400x_j.tif,7400x_i.tif,7400x_a.tif
C1,114.063,82.498,59.633,103.848,92.895,299.413,99.682
C2,113.901,82.367,60.121,105.005,91.951,297.108,99.367
C3,113.740,82.235,60.609,106.162,91.007,294.802,99.052
C4,113.579,82.103,61.097,107.319,90.063,292.496,98.737
C5,113.417,81.972,61.586,108.476,89.119,290.191,97.710
C6,113.256,81.840,62.074,109.633,88.176,287.885,96.557
C7,113.095,81.709,62.562,110.790,87.232,285.580,95.404
C8,112.933,81.577,63.051,111.946,86.288,283.274,94.251
C9,112.772,81.446,63.539,113.103,85.344,280.969,93.098
C10,112.611,81.314,64.027,114.260,84.400,278.663,91.945
C11,112.449,81.183,64.516,115.417,83.456,276.358,90.792
C12,112.288,81.051,65.004,116.574,82.512,274.052,89.639
C13,112.127,80.920,65.492,117.731,81.569,271.747,88.486
C14,111.965,80.788,65.981,118.888,80.625,269.441,87.333
C15,111.804,80.657,66.469,120.045,79.681,267.136,86.180
C16,111.643,80.525,66.957,121.202,78.737,264.830,85.027
C17,111.481,80.394,67.446,122.359,77.793,262.524,83.875
C18,111.320,80.262,67.934,123.516,76.849,260.219,82.722
C19,111.159,80.130,68.422,124.673,75.905,257.913,81.569
C20,110.997,79.999,68.911,125.830,74.995,255.608,80.416
C21,110.836,79.867,69.399,126.987,75.209,253.302,79.263
C22,110.675,79.736,69.887,128.144,75.267,250.997,78.110
C23,110.513,79.604,70.376,129.301,75.301,248.691,76.957
C24,110.352,79.473,70.864,130.458,75.335,246.386,75.804
C25,110.191,79.341,71.352,131.614,75.369,244.080,74.651
C26,110.029,79.210,71.841,132.771,75.403,241.775,73.498
C27,109.868,79.078,72.329,133.928,75.436,239.469,72.345
C28,109.707,78.947,72.817,135.085,75.470,237.164,71.192
C29,109.548,78.815,73.306,136.242,75.504,234.858,70.039
C30,109.396,78.684,73.794,137.399,75.538,232.553,68.886
C31,109.244,78.552,74.282,138.556,75.572,230.247,67.733
C32,109.092,78.420,74.771,139.713,75.606,227.941,66.580
C33,108.940,78.289,75.259,140.870,75.640,225.636,65.428
C34,108.788,78.157,75.747,142.027,75.673,223.330,64.275
C35,108.635,78.026,76.236,143.184,75.707,221.025,63.723
C36,108.483,77.894,76.724,144.341,75.741,218.719,65.409
C37,108.331,77.763,77.212,145.498,75.775,216.414,67.096
C38,108.179,77.631,77.701,146.655,75.809,214.108,68.782
C39,108.027,77.500,78.189,147.812,75.843,211.803,70.469
C40,107.875,77.368,78.677,148.969,75.876,209.497,72.155
C41,107.723,77.237,79.166,150.126,75.910,207.192,73.841
C42,107.571,77.105,79.654,151.283,75.944,204.886,74.143
C43,107.419,76.974,80.142,152.439,75.978,202.581,74.143
C44,107.267,76.842,80.631,152.404,76.012,200.275,74.143
C45,107.115,76.711,81.119,151.339,76.046,197.969,74.143
C46,106.963,76.579,81.607,150.274,76.079,195.664,74.143
C47,106.811,76.447,82.095,149.209,76.113,193.358,74.143
C48,106.659,76.316,82.584,148.144,76.147,191.053,74.143
C49,106.507,76.184,83.072,147.079,76.181,188.747,74.143
C50,106.355,76.053,83.560,146.014,76.215,186.442,74.143
C51,106.203,75.921,84.049,144.949,76.249,184.136,74.143
C52,106.051,75.790,84.537,143.884,76.283,181.831,74.143
C53,105.899,75.658,85.025,142.819,76.316,179.525,74.143
C54,105.747,75.527,85.514,141.754,76.350,177.177,74.143
C55,105.595,75.395,86.002,140.689,76.384,174.658,74.143
C56,105.443,75.264,87.855,139.624,76.418,172.139,74.143
C57,105.291,75.132,91.741,138.559,76.452,169.619,74.143
C58,105.139,75.001,95.627,137.494,76.486,167.100,74.143
C59,104.986,74.869,99.513,136.429,76.519,164.581,74.143
C60,104.834,74.737,103.398,135.364,80.124,162.062,74.143
C61,104.682,74.606,107.284,134.299,84.309,159.542,74.143
C62,104.530,74.474,111.170,133.234,88.494,157.023,74.143
C63,104.378,74.343,115.056,132.169,92.679,154.504,74.143
C64,104.226,74.211,118.942,129.794,96.767,151.985,74.143
C65,104.074,74.080,122.827,127.327,97.294,149.465,74.143
C66,103.922,74.013,126.713,124.859,97.820,146.946,74.143
C67,103.770,74.264,130.599,122.392,98.347,144.427,74.143
C68,103.618,74.516,134.485,119.924,98.873,141.908,74.143
C69,103.466,74.768,138.371,117.457,99.400,139.388,74.143
C70,103.314,75.020,142.256,114.989,99.926,136.869,74.143
C71,103.162,75.272,144.551,112.522,100.453,134.350,74.143
C72,103.010,75.524,143.196,110.054,100.979,131.831,74.143
C73,102.858,75.776,140.357,107.587,101.506,129.311,74.143
C74,102.706,76.028,133.962,105.119,102.032,126.792,74.143
C75,102.554,76.279,127.567,102.652,102.559,124.273,74.143
C76,102.402,76.531,121.172,100.184,103.085,121.753,73.824
C77,102.250,76.783,114.777,97.717,102.534,122.432,73.291
C78,102.098,77.035,108.382,95.249,101.528,123.345,72.757
C79,101.946,77.287,101.986,92.782,100.521,124.259,72.224
C80,101.794,77.539,95.591,90.314,99.514,125.172,71.691
C81,101.642,77.791,89.196,87.847,98.507,126.086,71.157
C82,101.490,78.043,82.801,85.379,97.500,126.999,70.944
C83,101.346,78.294,76.406,82.912,96.494,127.913,71.964
C84,101.221,78.546,70.011,80.444,95.487,128.826,72.983
C85,101.097,78.798,63.615,77.977,94.480,129.740,74.003
C86,100.972,79.050,57.220,75.509,93.473,130.653,75.023
C87,100.848,79.197,50.825,73.042,92.466,131.567,76.042
C88,100.723,78.929,44.430,70.606,91.460,132.480,77.062
C89,100.599,78.660,39.801,70.730,90.453,133.394,78.081
C90,100.474,78.392,40.178,70.854,89.446,134.308,79.101
C91,100.349,78.123,40.555,70.978,88.439,135.221,80.121
C92,100.225,77.854,40.932,71.102,87.432,136.135,81.140
C93,100.100,77.586,41.309,71.226,86.426,137.048,82.160
C94,99.976,77.317,41.686,71.350,87.369,137.962,83.180
C95,99.851,77.049,42.063,71.474,88.823,138.875,84.199
C96,99.727,76.780,42.398,71.598,90.278,139.789,85.219
C97,99.602,76.512,41.977,71.722,91.733,140.702,86.238
C98,99.478,76.243,41.556,71.846,93.188,141.616,87.258
C99,99.353,75.974,41.135,71.970,94.643,142.529,88.278
C100,99.229,75.706,40.715,72.094,96.097,143.443,89.297
C101,99.104,75.437,40.294,72.218,97.552,144.356,90.317
C102,98.979,75.169,39.873,72.342,99.007,145.270,91.337
C103,98.855,74.900,39.452,72.466,100.462,146.183,92.356
C104,98.730,74.631,39.032,72.589,101.916,147.097,93.376
C105,98.606,74.363,38.611,72.713,103.371,148.011,94.395
C106,98.481,74.094,38.190,72.837,104.826,148.924,93.732
C107,98.357,73.826,37.769,72.961,106.281,149.838,92.465
C108,98.232,73.557,37.348,73.085,107.736,150.751,90.687
C109,98.108,73.289,36.928,73.209,109.190,151.665,88.908
C110,97.983,73.020,36.507,73.333,110.645,152.578,87.130
C111,97.858,72.751,36.086,73.457,112.100,153.492,85.351
C112,97.734,72.483,35.665,73.581,113.555,154.405,83.573
C113,97.609,72.214,35.245,73.705,114.005,155.319,81.794
C114,97.717,71.946,34.824,73.829,113.417,156.232,80.015
C115,97.987,71.677,34.403,73.953,112.828,157.146,78.237
C116,98.256,71.408,33.982,74.077,112.240,158.059,76.458
C117,98.526,71.140,33.561,74.201,111.652,158.973,74.680
C118,98.795,70.871,33.141,74.325,111.064,159.886,72.901
C119,99.065,70.603,32.720,74.449,110.475,160.800,71.122
C120,99.335,70.334,32.299,74.573,109.887,161.714,69.344
C121,99.604,70.065,35.889,74.697,109.299,162.627,67.565
C122,99.874,69.797,39.785,74.821,108.711,163.541,65.787
C123,100.143,69.528,43.682,74.945,108.122,164.454,64.008
C124,100.413,69.260,47.578,75.069,107.534,165.368,62.230
C125,100.683,68.991,51.475,75.193,106.946,166.281,60.451
C126,100.952,68.723,55.371,75.312,106.357,167.195,58.672
C127,101.222,68.454,59.268,75.413,105.769,168.108,56.894
C128,101.492,68.185,63.164,75.514,105.181,169.022,55.115
C129,101.761,67.917,67.061,75.615,104.593,170.145,53.337
C130,102.031,67.648,70.957,75.716,104.004,171.788,51.558
C131,102.300,67.380,74.854,75.817,103.416,173.430,52.034
C132,102.570,67.111,78.750,75.918,102.828,175.073,53.952
C133,102.840,66.842,82.647,77.959,102.240,176.715,55.871
C134,103.109,66.574,86.543,80.763,101.651,178.358,57.789
C135,103.379,66.305,90.440,83.567,101.063,180.000,59.707
C136,103.648,66.037,94.336,86.371,100.475,181.643,61.625
C137,103.918,65.768,98.233,89.174,99.887,183.136,63.543
C138,104.188,65.500,98.023,91.978,99.298,183.384,65.461
C139,104.457,65.231,97.017,94.782,98.710,183.631,67.379
C140,104.727,64.962,96.012,97.586,98.122,183.878,69.297
C141,104.997,64.694,95.007,100.390,97.533,184.126,71.216
C142,105.266,64.425,94.002,103.193,96.945,184.373,73.134
C143,105.536,64.157,92.996,105.997,96.357,184.620,74.583
C144,105.805,63.888,91.991,108.801,95.769,184.868,75.161
C145,106.075,63.619,90.986,111.605,95.180,185.115,75.738
C146,106.283,63.351,89.981,114.408,94.592,185.362,76.316
C147,105.739,63.082,88.975,117.212,94.004,185.610,76.893
C148,105.194,62.814,87.970,120.016,93.416,185.857,77.471
C149,104.649,62.545,86.965,122.820,92.827,186.104,78.048
C150,104.105,62.276,85.960,125.623,92.239,186.352,78.626
C151,103.560,62.008,84.954,128.427,91.651,186.599,79.203
C152,103.016,61.739,83.949,131.231,91.063,186.846,79.781
C153,102.471,61.471,82.944,134.035,90.474,187.094,80.358
C154,101.926,61.202,81.939,136.838,89.886,187.341,80.936
C155,101.382,60.934,80.933,139.642,89.298,187.588,81.513
C156,100.837,60.665,79.928,142.446,88.709,187.836,82.091
C157,100.292,60.396,78.923,145.250,88.121,188.083,82.668
C158,99.748,60.569,77.918,148.053,87.533,188.330,83.246
C159,99.203,61.065,78.321,150.263,86.945,188.578,83.823
C160,98.658,61.561,80.414,149.953,86.356,188.825,84.401
C161,98.114,62.056,82.746,149.643,85.768,189.072,84.887
C162,97.569,62.552,85.078,149.333,85.180,189.320,84.411
C163,97.024,63.048,87.410,149.023,84.592,189.567,83.935
C164,96.480,63.544,89.742,148.713,84.003,189.814,83.460
C165,95.935,64.039,92.074,148.403,83.415,190.062,82.984
C166,95.391,64.535,94.406,148.093,82.827,190.309,82.508
C167,94.846,65.031,96.738,147.783,82.239,190.556,82.033
C168,94.301,65.526,99.070,147.473,81.650,190.804,81.557
C169,93.757,66.022,101.402,147.163,81.062,191.051,81.081
C170,93.212,66.518,103.734,146.853,80.474,191.298,80.606
C171,92.667,67.013,106.066,146.543,79.885,191.546,80.130
C172,92.123,67.509,108.398,146.233,79.297,191.793,79.654
C173,91.578,68.005,110.730,145.923,78.709,192.040,80.317
C174,91.033,68.500,111.145,145.613,79.057,192.288,81.447
C175,90.489,68.996,110.379,145.303,80.086,192.535,82.578
C176,89.944,69.492,109.612,144.993,81.115,192.782,83.708
C177,89.400,69.988,108.846,144.683,82.143,193.030,84.839
C178,88.855,70.483,108.079,144.373,83.172,193.277,85.969
C179,88.310,70.979,107.312,144.414,84.201,193.524,87.100
C180,87.766,71.475,106.546,144.652,85.229,193.772,88.230
C181,87.221,71.970,105.779,144.891,86.258,194.019,89.361
C182,86.676,72.466,105.013,145.129,87.287,194.266,90.492
C183,86.132,72.962,104.246,145.368,88.315,194.514,91.622
C184,85.587,73.457,103.480,145.606,89.344,194.761,92.753
C185,85.042,73.953,102.713,145.845,90.373,195.008,93.883
C186,86.107,74.449,101.946,146.083,91.401,195.256,95.014
C187,87.213,74.944,98.693,146.321,92.430,195.503,96.144
C188,88.319,75.440,94.992,146.560,93.459,195.750,97.275
C189,89.426,75.936,91.291,146.798,94.487,196.028,98.405
C190,90.532,76.431,87.591,147.527,95.516,196.311,99.536
C191,91.638,76.537,83.890,148.302,96.545,196.593,100.666
C192,92.744,76.637,80.190,149.077,97.573,196.876,101.797
C193,93.851,76.736,76.489,149.852,98.602,197.159,102.927
C194,94.957,76.835,72.788,150.627,99.631,197.442,104.058
C195,96.063,76.935,69.088,151.403,100.659,196.916,105.360
C196,97.169,77.034,65.387,152.178,101.688,196.354,106.923
C197,98.276,77.134,61.687,152.953,102.717,195.793,108.485
C198,99.382,77.233,58.627,153.728,103.745,195.232,110.047
C199,100.488,77.332,60.120,154.503,104.774,194.670,111.610
C200,101.595,77.432,61.613,155.278,105.803,194.109,113.172
C201,102.701,77.531,63.106,156.053,106.831,193.548,114.734
C202,103.807,77.630,64.599,156.828,107.860,192.987,116.297
C203,104.913,77.730,66.092,156.444,108.889,192.425,117.859
C204,106.020,77.829,67.585,155.518,109.918,191.864,119.421
C205,107.126,77.929,69.078,154.591,110.946,191.303,120.984
C206,108.232,78.028,70.571,153.664,111.975,190.741,122.546
C207,109.338,78.127,72.064,152.737,113.004,190.180,124.108
C208,110.445,78.227,73.557,151.810,114.032,189.619,125.671
C209,111.551,78.326,75.050,150.884,115.061,189.057,127.233
C210,112.657,78.426,76.543,149.957,116.090,188.496,128.796
C211,113.763,78.525,78.036,149.030,117.118,187.935,130.358
C212,114.870,78.624,79.529,148.103,118.147,187.374,131.920
C213,115.976,78.724,81.022,147.176,119.176,186.812,133.483
C214,117.082,78.823,82.515,146.250,120.204,186.251,135.045
C215,118.188,78.922,84.008,145.323,121.233,185.690,136.607
C216,119.295,79.022,85.501,144.396,122.012,185.128,138.170
C217,120.401,79.121,86.994,143.469,122.327,184.567,136.153
C218,121.507,79.221,88.487,142.542,122.642,184.006,133.306
C219,122.613,79.320,89.980,141.616,122.957,183.444,130.458
C220,123.720,79.419,91.473,140.689,123.075,182.883,127.611
C221,124.826,79.519,92.966,139.762,123.073,182.322,124.764
C222,125.932,79.618,94.459,138.835,123.070,181.761,121.916
C223,127.038,79.717,95.952,137.908,123.067,181.199,119.069
C224,128.145,79.817,97.445,136.982,123.065,180.638,116.222
C225,129.251,79.916,98.938,136.055,123.062,180.077,113.374
C226,130.357,80.016,100.431,135.128,123.060,179.515,110.527
C227,130.523,80.115,101.924,134.201,123.057,178.954,107.680
C228,130.149,80.214,103.417,133.274,123.054,178.393,104.832
C229,129.593,80.314,104.910,132.348,123.052,177.831,101.985
C230,128.961,80.413,106.403,131.421,123.049,177.270,99.137
C231,128.329,80.512,107.261,130.494,123.047,176.709,96.290
C232,127.697,80.612,107.036,129.567,123.044,176.148,91.521
C233,127.065,80.711,106.811,128.640,123.041,175.586,86.362
C234,126.433,80.811,106.586,127.714,123.039,175.025,81.202
C235,125.801,80.910,106.400,126.787,123.036,174.464,76.042
C236,125.169,81.009,106.253,125.860,123.033,173.902,72.909
C237,124.537,81.109,106.106,124.933,123.031,173.341,73.108
C238,123.905,81.208,105.960,124.006,123.028,172.780,73.307
C239,123.272,81.307,105.813,123.080,123.026,172.218,73.506
C240,122.640,81.407,105.667,122.153,123.023,171.657,73.705
C241,122.008,81.506,105.520,121.226,123.020,171.096,73.904
C242,121.376,81.606,105.373,120.299,123.018,170.534,74.103
C243,120.744,81.705,105.227,119.372,123.015,169.322,74.301
C244,120.112,81.804,105.080,118.445,123.013,167.472,74.500
C245,119.480,81.904,104.934,117.522,123.010,165.622,74.699
C246,118.848,82.003,104.787,116.725,123.007,163.772,74.898
C247,118.216,82.103,104.640,115.929,123.005,161.922,75.097
C248,117.584,82.202,104.494,115.133,123.002,160.273,75.296
C249,116.952,82.301,104.347,114.336,123.000,159.995,75.495
C250,116.320,82.401,104.201,113.540,122.997,159.718,75.693
C251,115.687,82.500,104.054,112.744,122.994,159.440,75.892
C252,115.055,82.599,103.908,111.948,122.992,159.162,76.091
C253,114.423,82.699,103.761,111.151,122.989,158.885,76.290
C254,113.791,82.798,103.614,110.355,122.986,158.607,76.489
C255,113.159,82.898,103.468,109.559,122.984,158.330,76.688
C256,112.527,82.997,103.321,108.762,122.981,158.052,76.887
C257,111.895,83.096,103.175,107.966,122.979,157.774,77.085
C258,111.263,83.196,103.028,107.170,122.976,157.497,77.284
C259,110.631,83.295,102.881,106.374,122.973,157.219,77.483
C260,109.999,83.394,102.735,105.577,122.971,156.942,77.682
C261,109.367,83.494,102.588,104.781,122.968,156.664,77.881
C262,108.735,83.593,102.442,103.985,122.966,156.386,78.080
C263,108.102,83.693,102.295,103.188,122.963,156.109,78.279
C264,107.470,83.792,102.148,102.392,122.960,155.831,78.478
C265,106.395,83.891,102.002,101.596,122.958,155.554,78.676
C266,105.232,83.991,100.000,100.800,122.955,155.276,78.875
C267,104.069,84.090,97.807,100.003,122.953,154.998,79.074
C268,102.906,84.189,95.614,99.207,122.950,154.721,79.273
C269,101.743,84.289,93.420,98.411,122.947,154.443,79.472
C270,100.580,84.388,91.227,97.614,122.945,154.166,78.737
C271,99.417,84.488,89.034,96.818,122.942,153.888,77.686
C272,98.254,84.587,86.840,96.431,122.939,153.610,76.635
C273,97.091,84.686,84.647,96.695,122.937,153.333,75.584
C274,95.928,84.786,82.453,96.959,122.934,153.055,74.533
C275,94.765,84.885,80.260,97.223,122.932,152.777,73.482
C276,93.602,84.984,78.067,97.487,122.929,152.500,72.562
C277,92.439,85.084,75.873,97.751,122.926,152.222,72.056
C278,91.276,85.183,73.680,98.015,122.924,151.945,71.549
C279,90.113,85.283,71.487,98.279,122.921,151.667,71.042
C280,88.950,85.382,69.293,98.543,122.919,151.389,70.536
C281,89.237,85.718,68.593,98.807,122.916,151.112,70.029
C282,89.622,86.023,68.196,99.071,122.913,150.834,69.523
C283,90.008,86.134,67.799,99.335,122.911,150.557,69.016
C284,90.394,86.245,67.402,100.018,122.908,150.279,68.509
C285,90.780,86.356,67.005,101.143,122.905,150.001,68.003
C286,91.165,86.467,66.608,102.268,122.903,149.724,67.496
C287,91.551,86.578,66.211,103.393,122.900,149.446,66.989
C288,91.937,86.688,65.815,104.518,122.898,149.169,66.483
C289,92.323,86.799,65.418,105.643,122.895,148.891,65.976
C290,92.709,86.910,65.021,106.768,122.892,149.240,65.470
C291,93.094,87.021,64.624,107.893,122.890,150.812,64.963
C292,93.480,87.132,64.227,109.018,122.887,152.385,64.456
C293,93.866,87.243,63.830,110.143,122.885,153.957,63.950
C294,94.252,87.354,63.433,111.268,122.882,155.529,63.443
C295,94.637,87.465,63.036,112.393,122.879,157.102,62.936
C296,95.023,87.576,62.639,113.518,122.877,158.674,62.430
C297,95.409,87.687,62.242,114.643,122.874,160.246,61.923
C298,95.795,87.798,61.845,115.767,122.872,161.819,61.416
C299,96.180,87.909,61.448,116.892,122.869,163.391,60.910
C300,96.566,88.020,61.051,118.017,122.866,164.964,60.403
C301,96.952,88.130,60.654,119.142,122.864,166.536,59.897
C302,97.338,88.241,60.257,120.267,122.697,168.108,59.390
C303,97.723,88.352,59.860,121.392,122.248,169.681,59.723
C304,98.109,88.463,59.463,122.497,122.555,171.253,61.216
C305,98.495,88.574,59.066,123.580,123.299,172.825,62.710
C306,98.881,88.685,58.669,124.664,124.043,174.398,64.203
C307,99.266,88.796,58.272,125.747,124.787,175.970,65.696
C308,99.652,88.907,57.875,126.831,125.531,177.542,67.189
C309,100.038,89.018,57.478,127.915,126.275,179.115,68.683
C310,100.424,89.129,57.081,128.998,127.019,180.687,70.176
C311,100.809,89.240,56.684,130.082,127.763,182.260,71.669
C312,101.195,89.351,56.287,131.165,128.507,183.832,73.163
C313,101.581,89.461,55.890,132.249,129.251,185.404,74.656
C314,101.967,89.572,55.493,133.333,129.995,186.977,76.149
C315,102.352,89.683,55.096,134.416,130.739,188.549,75.782
C316,102.738,89.794,54.699,135.500,131.483,190.121,75.383
C317,103.124,89.905,54.302,136.583,132.227,191.694,74.984
C318,103.510,90.016,53.905,137.667,132.971,193.266,74.586
C319,103.895,90.127,53.508,138.750,133.715,194.838,74.187
C320,104.281,90.238,53.111,139.834,134.459,196.411,73.789
C321,104.667,90.349,52.714,140.918,135.203,197.983,73.390
C322,105.053,90.460,52.317,142.001,135.947,199.556,72.991
C323,105.438,90.571,51.920,143.085,136.691,201.128,72.593
C324,105.316,90.682,51.523,143.646,137.435,202.700,72.194
C325,105.194,90.793,51.127,142.963,138.179,204.273,71.795
C326,105.072,90.903,50.730,142.280,138.923,205.845,71.397
C327,104.950,91.014,50.333,141.597,139.667,207.417,70.998
C328,104.828,91.125,49.936,140.914,140.411,208.990,70.599
C329,104.706,91.236,49.539,140.231,141.155,210.562,70.201
C330,104.584,91.347,49.142,139.548,141.899,211.076,69.802
C331,104.462,91.458,48.745,138.864,142.643,210.377,69.404
C332,104.340,91.569,48.348,138.181,143.387,209.679,69.005
C333,104.218,91.680,48.965,137.498,144.131,208.980,68.606
C334,104.096,91.791,49.619,136.815,144.875,208.281,68.208
C335,103.974,91.902,50.273,136.132,145.619,207.582,67.809
C336,103.851,92.013,50.927,135.449,146.363,206.883,67.410
C337,103.729,92.124,51.581,134.766,147.107,206.184,67.012
C338,103.607,92.235,52.235,134.083,147.851,205.485,66.727
C339,103.485,92.345,52.889,133.400,148.595,204.786,67.493
C340,103.507,92.456,53.543,132.717,149.339,204.087,68.259
C341,103.685,92.567,54.197,132.034,150.083,203.388,69.025
C342,103.862,92.678,54.851,131.351,150.827,202.689,69.791
C343,104.040,92.789,55.505,130.668,151.571,201.990,70.557
C344,104.217,92.900,56.159,129.985,152.315,201.291,71.324
C345,104.395,93.011,56.813,129.302,153.059,200.592,72.090
C346,104.573,93.122,57.467,128.619,153.803,199.893,72.189
C347,104.750,93.233,58.121,127.936,154.547,199.194,71.676
C348,104.928,93.344,58.775,127.253,155.291,198.495,71.162
C349,105.105,93.455,59.429,126.569,156.035,197.796,70.649
C350,105.283,93.566,60.083,125.886,156.779,197.097,70.135
C351,105.461,93.677,60.737,125.203,157.523,196.399,69.621
C352,105.638,93.787,61.391,124.520,158.267,195.700,69.108
C353,105.816,93.898,62.070,123.837,159.011,195.001,68.594
C354,105.993,94.009,62.750,124.186,159.755,194.302,68.080
C355,106.171,94.120,63.430,126.463,160.499,193.603,67.567
C356,106.349,94.231,64.110,128.739,161.243,192.904,67.053
C357,106.526,94.342,64.790,131.015,161.987,192.088,66.540
C358,106.704,94.765,65.469,133.291,162.294,189.061,66.026
C359,106.881,95.685,66.149,134.629,162.023,186.034,65.512
C360,107.059,96.604,66.829,135.845,161.752,183.007,64.999
C361,107.237,97.269,67.509,137.061,161.481,179.980,64.485
C362,107.414,97.329,68.189,138.277,161.209,176.953,63.971
C363,107.592,97.389,68.869,139.493,160.938,176.552,63.458
C364,107.769,97.449,69.549,140.709,160.667,176.186,62.944
C365,107.947,97.509,70.229,141.926,160.396,175.820,62.431
C366,108.125,97.569,70.909,143.142,160.125,175.454,61.917
C367,108.302,97.629,71.589,144.358,159.854,175.087,61.403
C368,108.480,97.689,72.269,145.574,159.583,174.721,60.890
C369,108.657,97.749,72.948,146.790,159.311,174.355,60.376
C370,108.835,97.809,73.628,148.006,159.040,173.989,59.862
C371,109.013,97.869,74.308,149.223,158.769,173.623,59.349
C372,109.190,97.929,74.988,150.439,158.498,173.256,58.835
C373,109.368,97.989,75.668,151.655,158.227,172.890,58.322
C374,109.545,98.049,76.348,152.871,157.238,172.524,57.808
C375,109.723,98.109,77.028,154.087,156.100,172.158,57.294
C376,109.901,98.169,77.708,155.303,154.962,171.792,56.781
C377,110.078,98.229,78.388,156.519,153.824,171.425,56.267
C378,110.119,98.289,79.068,157.736,152.686,171.059,55.753
C379,110.132,98.349,79.748,158.952,151.548,170.693,55.240
C380,109.846,98.409,80.428,160.168,150.410,170.327,54.726
C381,109.307,98.469,81.107,161.384,149.272,169.961,54.213
C382,108.767,98.529,81.787,162.600,148.135,169.594,53.699
C383,108.228,98.590,82.467,163.816,146.997,169.228,54.096
C384,107.688,98.650,83.147,165.033,145.859,168.862,56.438
C385,107.149,98.710,83.827,166.249,144.721,168.496,58.781
C386,106.610,98.770,84.507,167.465,143.583,168.130,61.124
C387,106.070,98.830,85.187,168.681,142.445,167.763,63.467
C388,105.531,98.890,85.867,169.897,141.307,167.397,65.810
C389,104.991,98.950,86.547,171.113,140.169,167.031,68.153
C390,104.452,99.010,87.227,172.329,139.031,166.665,70.495
C391,103.913,99.070,87.907,173.546,137.893,166.299,72.838
C392,103.373,99.130,88.586,174.762,136.756,165.932,75.181
C393,102.834,99.190,89.266,175.978,135.618,165.566,77.524
C394,102.294,99.250,89.946,177.194,134.480,165.200,79.867
C395,101.755,99.310,90.626,178.410,133.342,164.834,82.209
C396,101.216,99.370,91.306,179.626,132.204,164.468,84.552
C397,100.676,99.430,91.986,181.180,131.066,164.101,86.895
C398,100.137,99.490,92.666,182.766,129.928,163.735,89.238
C399,99.597,99.550,93.052,184.352,128.790,163.369,91.581
C400,99.058,99.610,93.148,185.939,127.652,163.003,93.923
C401,98.518,99.670,93.245,187.525,126.515,162.637,94.882
C402,99.922,99.730,93.341,189.111,125.377,162.270,95.774
C403,101.528,99.790,93.437,190.697,124.239,161.904,96.666
C404,103.135,99.850,93.534,192.283,123.101,161.538,97.558
C405,104.741,99.910,93.630,193.870,121.963,161.172,98.450
C406,106.347,99.970,93.727,195.456,120.825,160.806,99.343
C407,107.954,100.030,93.823,197.042,119.687,160.439,100.235
C408,109.560,100.090,93.919,198.628,118.549,160.073,101.127
C409,111.166,100.150,94.016,200.215,117.411,159.707,102.019
C410,112.773,100.210,94.112,201.801,116.273,159.341,102.911
C411,114.379,100.271,94.209,203.387,115.136,158.975,103.803
C412,115.986,100.331,94.305,202.804,113.998,158.608,104.695
C413,117.592,100.391,94.401,200.777,112.860,158.242,105.588
C414,119.198,100.451,94.498,198.751,113.455,157.876,106.480
C415,120.805,100.511,94.594,196.724,115.118,157.510,107.372
C416,122.411,100.571,94.691,194.698,116.780,157.143,108.264
C417,124.017,100.631,94.971,192.671,118.442,156.777,109.156
C418,125.624,100.691,95.262,190.645,118.340,156.411,110.048
C419,127.230,100.751,95.554,188.618,117.968,156.045,110.940
C420,128.837,100.811,95.846,186.592,117.596,155.679,111.833
C421,130.443,100.871,96.137,184.565,117.223,155.312,112.725
C422,130.412,100.788,96.429,182.539,116.851,154.946,113.617
C423,129.931,100.573,96.721,180.512,116.479,154.580,114.509
C424,129.450,100.359,97.012,178.486,116.107,154.214,115.401
C425,128.969,100.144,97.304,176.459,115.735,153.848,116.293
C426,128.487,99.929,97.596,174.433,115.363,153.481,117.185
C427,128.006,99.715,97.887,172.406,114.991,153.115,118.078
C428,127.525,99.500,98.179,170.380,114.619,153.221,118.970
C429,127.044,99.285,98.471,168.353,114.246,154.175,119.862
C430,126.563,99.070,98.762,166.327,113.874,155.129,120.754
C431,126.081,98.856,99.054,164.300,113.502,156.082,121.646
C432,125.600,98.641,99.345,162.274,113.130,157.036,122.538
C433,125.119,98.426,99.637,160.247,112.758,157.990,123.430
C434,124.638,98.212,99.929,158.221,112.386,158.943,124.323
C435,124.157,97.997,100.220,156.194,112.014,159.897,125.215
C436,123.675,97.782,100.512,154.168,111.642,160.851,126.107
C437,123.194,97.567,100.804,152.141,111.269,161.804,126.999
C438,122.713,97.353,101.095,150.115,110.897,162.758,124.091
C439,122.232,97.138,101.387,148.088,110.525,163.712,121.054
C440,121.751,96.923,101.679,146.062,110.153,164.665,118.018
C441,121.269,96.709,101.970,144.035,109.781,165.619,114.981
C442,120.788,96.494,102.262,142.009,109.409,166.573,112.418
C443,120.307,96.279,102.554,139.982,109.037,167.526,111.475
C444,119.826,96.064,102.845,137.956,108.665,168.480,110.532
C445,119.345,95.850,103.137,135.929,108.292,169.434,109.590
C446,118.863,95.635,103.429,133.903,107.920,170.387,108.647
C447,118.382,95.420,103.720,131.876,107.548,171.341,107.704
C448,117.901,95.206,104.012,129.850,107.176,172.295,106.762
C449,117.420,94.991,104.303,130.070,106.804,173.249,105.819
C450,116.939,94.776,104.595,130.957,106.432,174.202,104.876
C451,116.457,94.561,104.887,131.844,106.060,175.156,103.934
C452,115.888,94.347,105.178,132.730,105.688,176.110,102.991
C453,115.287,94.132,105.470,133.617,105.315,177.063,102.048
C454,114.686,93.917,105.762,134.503,104.943,178.017,101.106
C455,114.085,93.703,106.053,135.390,104.571,178.971,100.163
C456,113.484,93.488,106.345,136.276,104.199,179.924,99.220
C457,112.882,93.273,106.637,137.163,103.827,180.878,98.278
C458,112.281,93.058,106.928,138.050,103.455,181.832,97.335
C459,111.680,92.844,107.220,138.936,103.083,182.785,96.392
C460,111.079,92.629,107.512,139.823,102.711,183.739,95.450
C461,110.478,92.414,107.803,140.709,102.339,184.693,94.507
C462,109.876,92.200,108.095,141.596,101.966,185.646,94.600
C463,109.275,91.985,108.387,142.482,101.594,186.600,95.188
C464,108.674,91.770,108.678,143.369,101.222,187.554,95.775
C465,108.073,91.555,108.970,144.255,100.850,188.507,96.363
C466,107.472,91.341,109.262,145.381,100.841,189.461,96.950
C467,106.871,91.126,109.553,146.627,101.232,190.415,97.538
C468,106.269,90.911,109.845,147.872,101.623,191.368,98.125
C469,105.668,90.697,110.136,149.117,102.013,192.322,98.713
C470,105.067,90.482,110.428,150.362,102.404,193.276,99.300
C471,104.466,90.267,110.720,151.608,102.794,194.229,99.888
C472,103.865,90.052,111.011,152.853,103.185,195.183,100.475
C473,103.263,89.838,111.303,154.098,103.576,196.137,101.063
C474,102.662,89.623,111.595,155.343,103.966,197.091,101.650
C475,102.061,89.408,111.886,156.589,104.357,198.044,102.238
C476,101.460,89.194,112.178,157.834,104.748,198.998,102.825
C477,100.859,88.979,112.470,159.079,105.138,199.952,103.413
C478,100.257,88.764,112.761,160.325,105.529,200.905,104.000
C479,99.656,88.549,113.053,161.570,105.919,201.859,104.588
C480,99.055,88.335,113.345,162.815,106.829,202.813,105.175
C481,98.454,88.120,113.636,164.060,108.021,203.766,105.763
C482,97.853,87.905,113.928,165.306,109.213,204.720,106.350
C483,97.252,87.691,114.220,166.551,110.405,205.674,106.938
C484,96.650,87.476,114.511,167.796,111.597,206.627,107.525
C485,96.049,87.468,114.803,169.001,112.790,207.250,108.113
C486,95.448,87.667,115.094,168.403,113.982,207.302,108.700
C487,94.847,87.866,115.386,167.805,115.174,207.353,109.288
C488,94.246,88.064,115.678,167.208,116.366,207.405,109.875
C489,93.644,88.263,115.969,166.610,117.558,207.456,110.463
C490,93.043,88.462,116.261,166.012,118.751,207.507,109.737
C491,92.583,88.660,116.553,165.414,119.943,207.559,108.915
C492,92.536,88.859,116.844,164.816,121.135,207.610,108.093
C493,92.489,89.058,117.136,164.218,122.327,207.662,107.271
C494,92.442,89.256,117.428,163.620,123.519,207.713,106.450
C495,92.395,89.455,117.719,163.023,124.712,207.764,105.628
C496,92.348,89.654,118.011,162.425,125.904,207.816,104.806
C497,92.301,89.852,118.303,161.827,127.096,207.867,103.984
C498,92.254,90.051,118.594,161.229,128.288,207.919,103.162
C499,92.207,90.250,118.886,160.631,129.480,207.970,102.340
C500,92.160,90.448,119.178,160.033,130.673,208.021,101.519
C501,92.113,90.647,119.469,159.435,131.865,208.073,100.697
C502,92.066,90.846,119.726,158.837,133.057,208.124,99.875
C503,92.019,91.044,119.891,158.240,134.249,208.175,99.053
C504,91.972,91.243,120.055,157.642,135.441,208.227,98.231
C505,91.925,91.442,120.220,157.044,136.634,208.278,97.410
C506,91.878,91.640,120.385,156.446,137.826,208.330,96.588
C507,91.831,91.839,120.549,155.848,139.018,208.381,95.766
C508,91.784,92.038,120.714,155.250,140.210,208.432,94.944
C509,91.737,92.236,120.879,154.652,141.402,208.484,94.122
C510,91.690,92.435,121.044,154.055,142.594,208.535,93.301
C511,91.391,92.634,121.208,153.457,143.787,208.488,92.479
C512,90.637,92.832,121.373,152.859,144.979,208.405,91.657
C513,89.884,93.031,121.538,152.261,146.171,208.323,90.835
C514,89.130,93.230,121.702,151.663,147.363,208.240,90.013
C515,88.376,93.401,121.867,151.065,148.555,208.158,89.191
C516,87.623,93.244,122.032,150.467,149.748,208.075,88.370
C517,86.869,93.087,122.196,149.869,151.740,207.993,87.548
C518,86.115,92.930,122.361,149.272,151.918,207.910,86.726
C519,85.361,92.772,122.526,148.717,152.096,207.828,85.904
C520,84.608,92.615,122.691,148.278,152.273,207.745,85.082
C521,83.854,92.458,122.855,147.840,152.451,207.663,84.261
C522,83.100,92.301,123.020,147.401,152.629,207.580,83.439
C523,82.346,92.144,123.185,146.962,152.806,207.498,82.617
C524,81.593,91.987,123.349,146.523,152.984,207.416,81.795
C525,80.839,91.829,123.514,146.084,153.162,207.333,80.973
C526,80.085,91.672,123.679,145.646,153.339,207.251,80.151
C527,79.331,91.515,123.843,145.207,153.517,207.168,79.330
C528,78.578,91.358,124.008,144.768,153.694,207.086,78.508
C529,77.824,91.201,124.173,144.329,153.872,207.003,77.686
C530,77.070,91.044,124.338,143.890,154.050,206.921,76.864
C531,76.317,90.887,124.502,143.452,154.227,206.838,76.042
C532,75.563,90.729,124.667,143.013,154.405,206.756,75.221
C533,74.809,90.572,124.832,142.574,154.583,206.673,74.399
C534,74.055,90.415,124.996,142.135,154.760,206.591,73.577
C535,73.302,90.258,125.161,141.696,154.938,206.508,72.785
C536,72.548,90.101,125.326,141.258,155.116,206.426,72.713
C537,71.794,89.944,125.490,140.819,155.293,206.343,72.641
C538,71.040,89.786,125.655,140.380,155.471,206.261,72.570
C539,70.287,89.629,125.820,139.941,155.649,206.178,72.498
C540,69.533,89.472,125.985,139.503,155.826,206.096,72.426
C541,68.779,89.315,126.149,139.064,156.004,206.013,72.354
C542,68.025,89.158,126.314,138.625,156.182,205.931,72.283
C543,67.272,89.001,126.479,138.186,156.359,205.848,72.211
C544,154.063,88.843,126.643,137.747,156.537,205.766,72.139
C545,153.241,88.686,126.808,137.309,156.715,205.683,72.067
C546,152.419,88.529,126.973,136.870,156.892,205.601,71.996
C547,151.598,88.372,127.137,136.431,157.070,205.518,71.924
C548,150.776,88.215,127.302,135.992,157.247,205.436,71.852
C549,149.954,88.058,127.467,135.553,157.425,205.353,71.780
C550,149.133,87.901,127.632,135.115,158.074,205.271,71.709
C551,148.311,87.743,127.796,134.676,159.403,205.188,71.637
C552,147.490,87.586,127.961,134.237,160.732,205.106,71.565
C553,146.668,87.429,128.126,133.798,162.061,205.023,71.493
C554,145.846,87.272,128.290,133.359,163.390,204.941,71.422
C555,145.025,87.115,128.455,132.921,164.719,204.859,71.350
C556,144.203,86.958,128.620,132.482,166.048,204.776,71.278
C557,143.381,86.800,128.784,132.043,167.377,204.694,71.206
C558,142.560,86.643,128.949,131.931,168.706,204.611,71.135
C559,141.738,86.486,129.114,131.917,170.035,204.529,71.063
C560,140.916,86.329,129.278,131.903,171.365,204.446,70.991
C561,140.095,86.172,129.443,131.890,172.694,204.364,70.919
C562,139.273,86.015,129.608,131.876,174.023,204.281,70.847
C563,138.451,85.857,129.773,131.862,175.352,204.199,70.776
C564,137.630,85.700,129.937,131.848,176.681,204.116,70.704
C565,136.808,85.543,130.102,131.835,178.010,204.008,70.632
C566,135.986,85.386,130.267,131.821,179.339,203.767,73.154
C567,135.165,85.229,130.431,131.807,180.668,203.525,79.544
C568,134.343,85.072,130.596,131.794,181.997,203.284,85.934
C569,133.521,84.914,130.761,131.780,181.782,203.043,92.325
C570,132.700,84.757,130.925,131.766,181.293,202.802,98.715
C571,131.878,84.600,130.957,131.753,180.803,202.560,105.105
C572,131.056,84.443,130.600,131.739,180.314,202.319,111.496
C573,130.235,84.286,130.244,131.725,179.825,202.078,117.886
C574,129.413,84.129,129.887,131.712,179.336,201.837,121.358
C575,128.591,83.972,129.531,131.698,178.846,201.596,124.694
C576,127.770,83.814,129.174,131.684,178.357,201.354,128.030
C577,126.948,83.657,128.818,131.671,177.868,201.113,131.366
C578,126.126,83.500,128.461,131.657,177.378,200.872,134.702
C579,125.729,83.343,128.105,131.643,176.889,200.631,138.039
C580,125.763,83.186,127.748,131.629,176.400,200.390,135.441
C581,125.798,83.029,127.404,131.616,175.910,200.148,132.155
C582,125.832,82.871,127.067,131.602,175.421,199.907,128.870
C583,125.867,82.714,126.730,131.588,174.932,199.666,125.584
C584,125.901,82.557,126.393,131.575,174.443,199.425,122.299
C585,125.936,82.400,126.056,131.561,173.953,199.184,119.013
C586,125.970,82.243,125.719,131.547,173.464,198.942,115.727
C587,126.004,82.086,125.383,131.534,172.975,198.701,112.442
C588,126.039,81.928,125.046,131.520,172.485,198.460,109.156
C589,126.073,81.771,124.709,131.506,171.996,198.219,105.871
C590,126.108,81.614,124.372,131.493,171.507,197.977,102.585
C591,126.142,81.457,124.035,131.479,171.018,197.736,99.299
C592,126.177,81.300,123.698,131.465,170.528,197.495,96.014
C593,126.211,81.143,123.362,131.452,170.039,197.254,92.728
C594,126.246,80.986,123.025,131.438,169.550,197.013,90.702
C595,126.280,80.828,122.688,131.424,169.060,196.771,91.706
C596,126.315,80.671,122.351,131.410,168.571,196.530,92.710
C597,126.349,80.514,122.014,131.397,168.082,196.289,93.713
C598,126.384,80.357,121.677,131.383,167.592,196.048,94.717
C599,126.418,80.200,121.340,131.369,167.103,195.807,95.721
C600,126.452,80.043,121.004,131.356,166.614,195.565,96.724
C601,126.487,79.885,120.667,131.342,166.125,195.324,97.728
C602,126.521,79.728,120.330,131.328,165.635,195.083,98.731
C603,126.556,79.571,119.993,131.315,165.146,194.725,99.735
C604,126.590,79.414,119.656,131.301,164.657,194.175,100.739
C605,126.625,79.257,119.319,131.287,164.495,193.626,101.742
C606,126.659,79.100,118.983,131.274,164.617,193.076,102.746
C607,126.694,78.942,118.646,131.260,164.739,192.527,103.750
C608,126.728,78.785,118.309,131.246,164.860,191.977,104.753
C609,126.763,78.628,117.972,131.233,164.982,191.428,105.205
C610,126.797,78.471,117.635,131.219,165.104,190.878,105.511
C611,126.831,78.314,117.298,131.205,165.226,190.328,105.816
C612,126.866,78.157,116.962,131.191,165.348,189.779,106.122
C613,126.900,78.000,116.625,131.178,165.470,189.229,106.428
C614,126.935,77.842,116.288,131.164,165.592,188.680,106.733
C615,126.969,77.685,115.951,131.150,165.714,188.130,107.039
C616,126.581,77.528,115.614,131.137,165.836,187.581,107.345
C617,126.135,77.371,115.277,131.123,165.958,187.031,107.650
C618,125.690,77.214,114.941,131.109,166.080,186.482,107.956
C619,125.244,77.057,114.604,131.096,166.202,185.932,108.262
C620,124.798,76.899,114.267,131.082,165.561,185.382,108.567
C621,124.353,76.742,113.930,131.068,164.847,184.833,108.873
C622,123.907,76.585,113.593,131.055,164.133,184.283,109.178
C623,123.462,76.428,113.256,131.041,163.418,183.734,109.484
C624,123.016,76.271,112.920,131.027,162.704,183.184,109.790
C625,122.570,76.114,112.583,131.014,161.990,182.635,110.095
C626,117.783,75.956,112.246,131.000,161.276,182.085,110.401
C627,96.112,75.799,111.909,130.986,160.561,181.535,110.707
C628,86.719,75.642,111.572,130.973,159.847,180.986,111.012
C629,86.628,75.485,111.235,130.959,159.133,180.436,111.318
C630,86.537,75.328,110.899,130.925,158.419,179.887,111.624
C631,86.446,75.171,110.562,130.711,157.704,179.337,111.929
C632,86.355,75.013,110.225,130.497,156.990,178.788,112.235
C633,86.264,74.856,109.888,130.283,156.276,178.238,111.399
C634,86.173,74.699,109.551,131.077,155.562,177.688,110.465
C635,86.082,74.542,109.214,131.901,154.847,177.139,109.530
C636,85.990,74.385,108.877,132.725,154.133,176.589,108.596
C637,85.899,74.228,108.541,133.549,153.419,176.040,107.662
C638,85.808,74.071,108.204,134.373,152.705,175.490,106.727
C639,85.717,73.913,107.867,135.197,151.990,174.941,105.793
C640,85.626,73.756,107.530,136.021,151.276,174.391,104.859
C641,85.535,73.599,107.193,136.844,150.562,173.841,103.925
C642,85.444,73.442,106.856,137.668,149.848,173.292,102.990
C643,85.353,73.285,106.520,138.492,149.133,172.742,102.056
C644,85.262,73.128,106.183,139.316,148.419,172.193,101.122
C645,85.171,72.970,105.846,140.140,147.705,171.643,100.188
C646,85.080,72.813,105.509,140.964,146.991,171.094,99.253
C647,84.988,72.656,105.172,141.788,146.276,170.544,98.319
C648,84.897,72.499,104.835,142.612,145.562,169.995,97.385
C649,84.806,72.342,104.499,143.435,144.848,169.402,96.450
C650,84.715,72.185,104.162,144.259,144.134,168.601,95.516
C651,84.624,72.027,103.825,145.083,143.419,167.801,94.582
C652,84.533,71.870,103.488,145.907,142.705,167.000,93.648
C653,84.442,71.713,103.151,146.731,141.991,166.199,92.713
C654,84.351,71.556,102.814,147.555,141.277,165.399,92.643
C655,84.260,71.399,102.478,148.379,140.562,164.598,93.696
C656,84.169,71.242,102.141,149.203,139.848,163.797,94.750
C657,84.078,71.085,101.804,150.026,139.134,162.997,95.803
C658,83.986,70.927,101.467,150.850,138.420,162.196,96.857
C659,83.895,70.770,101.130,151.674,137.705,161.395,97.911
C660,83.804,70.613,100.793,152.498,136.991,160.595,98.964
C661,83.713,70.456,100.457,153.322,136.277,159.794,100.018
C662,83.622,70.299,100.120,154.146,135.563,158.993,101.072
C663,83.531,70.142,99.783,154.970,134.848,158.193,102.125
C664,83.440,69.984,99.446,155.794,134.134,157.392,103.179
C665,83.349,69.827,99.109,156.617,133.420,156.591,104.232
C666,83.258,69.670,98.772,157.441,132.706,155.791,105.286
C667,83.167,69.513,98.435,158.265,131.991,154.990,106.340
C668,83.076,69.356,98.099,159.089,131.277,154.189,107.393
C669,82.985,69.199,97.762,159.913,130.563,153.388,108.447
C670,82.893,69.068,97.425,160.737,129.849,152.588,109.501
C671,82.802,69.443,97.088,161.561,129.134,151.787,110.554
C672,82.711,69.817,96.751,162.385,128.420,150.986,111.608
C673,82.620,70.191,96.414,163.208,127.706,150.186,112.661
C674,82.529,70.565,96.078,164.032,126.992,149.385,113.715
C675,82.438,70.940,95.741,164.856,126.277,148.584,114.769
C676,82.347,71.314,95.404,165.680,125.563,147.784,115.822
C677,82.256,71.688,95.067,166.504,124.849,146.983,116.876
C678,82.165,72.062,94.730,167.328,124.135,146.182,117.930
C679,82.074,72.436,94.393,168.152,123.420,145.382,118.983
C680,81.983,72.811,94.057,168.976,122.706,144.581,120.037
C681,81.891,73.185,93.720,169.800,122.425,143.780,121.090
C682,81.800,73.559,93.383,170.623,122.424,142.980,122.144
C683,81.709,73.933,93.046,171.447,122.422,142.179,123.198
C684,81.618,74.307,92.709,172.271,122.420,141.378,124.892
C685,81.527,74.682,92.372,173.095,122.418,140.578,125.761
C686,81.436,75.056,92.036,173.919,122.416,139.777,125.878
C687,81.345,75.430,91.699,174.743,122.414,138.976,125.995
C688,81.254,75.804,91.362,175.567,122.412,138.176,126.112
C689,81.163,76.178,91.025,176.313,122.410,137.375,126.230
C690,81.072,76.553,90.688,176.841,122.408,136.574,126.347
C691,80.981,76.927,90.351,177.368,122.406,135.773,126.464
C692,80.889,77.301,90.106,177.895,122.404,134.973,126.581
C693,80.798,77.675,90.249,178.422,122.403,134.172,126.698
C694,80.707,78.049,90.391,178.950,122.401,133.371,126.815
C695,80.616,78.424,90.534,179.477,122.399,132.571,126.933
C696,80.525,78.798,90.677,180.004,122.397,131.770,127.050
C697,80.434,79.172,90.820,180.531,122.395,130.969,127.167
C698,80.343,79.546,90.962,181.059,122.393,130.169,127.284
C699,80.252,79.920,91.105,181.586,122.391,129.368,127.401
C700,80.161,80.295,91.248,182.113,122.389,128.567,127.518
C701,80.070,80.669,91.390,182.641,123.791,127.767,127.636
C702,79.979,81.043,91.533,183.168,125.413,126.966,127.753
C703,79.888,81.417,91.676,183.695,127.036,126.188,127.870
C704,79.796,81.791,91.818,184.222,128.659,125.435,127.987
C705,79.705,82.166,91.961,184.750,130.281,124.682,128.104
C706,79.614,82.540,92.104,185.277,131.904,123.928,128.221
C707,79.523,82.914,92.246,185.804,133.526,123.175,128.339
C708,79.432,83.288,92.389,186.331,135.149,122.422,128.456
C709,79.341,83.662,92.532,186.859,136.772,121.668,128.573
C710,79.250,84.037,92.675,187.386,138.394,120.915,128.690
C711,79.159,84.411,92.817,187.913,140.017,120.162,128.807
C712,79.068,84.785,92.960,188.441,141.640,119.409,128.925
C713,78.977,85.159,93.103,188.968,143.262,118.655,129.042
C714,78.886,85.534,93.245,189.495,144.885,117.902,129.159
C715,78.794,85.908,93.388,190.022,146.507,117.149,129.276
C716,78.703,86.282,93.531,190.550,148.130,116.395,129.393
C717,78.612,86.656,93.673,191.077,149.753,115.642,129.510
C718,78.521,87.030,93.816,191.604,151.375,114.889,129.628
C719,78.430,87.405,93.959,192.132,152.998,114.888,129.745
C720,78.339,87.779,94.101,192.659,154.621,115.752,129.862
C721,78.248,88.153,94.244,193.186,156.243,116.616,129.979
C722,78.157,88.527,94.387,193.713,157.866,117.480,130.096
C723,78.066,88.901,94.530,194.241,159.488,118.344,130.213
C724,77.975,89.276,94.672,194.768,161.111,119.209,130.331
C725,77.884,89.650,94.815,195.295,162.734,120.073,130.448
C726,77.792,90.024,94.958,195.822,164.356,120.937,130.565
C727,77.701,90.398,95.100,196.350,165.979,121.801,130.682
C728,77.610,90.772,95.243,196.877,167.602,122.666,130.799
C729,77.519,91.147,95.386,197.404,169.224,123.530,130.916
C730,77.428,91.521,95.528,197.932,170.847,124.394,131.034
C731,77.337,91.895,95.671,198.459,172.469,125.258,131.151
C732,77.246,92.269,95.814,198.986,174.092,126.123,131.268
C733,77.155,92.643,95.956,199.513,175.715,126.987,131.385
C734,77.064,93.018,96.099,200.041,177.337,127.851,131.502
C735,76.973,93.392,96.242,200.342,178.960,128.715,131.619
C736,76.882,93.766,96.385,199.754,180.583,129.579,131.737
C737,76.791,94.140,96.527,199.165,182.205,130.444,131.854
C738,76.699,94.514,96.670,198.577,183.828,131.308,131.971
C739,76.608,94.889,97.082,197.989,185.450,132.172,132.088
C740,76.517,94.852,97.916,197.400,187.073,133.036,132.205
C741,76.426,94.068,98.749,196.812,188.696,133.901,132.323
C742,76.335,93.284,99.582,196.224,188.967,134.765,132.440
C743,76.244,92.500,100.416,195.635,188.230,135.629,132.557
C744,76.153,91.715,101.249,195.047,187.493,136.493,132.674
C745,76.062,90.931,102.083,194.459,186.756,137.358,132.772
C746,75.971,90.147,102.916,193.870,186.019,138.222,132.783
C747,75.880,89.363,103.750,193.282,185.282,139.086,132.794
C748,75.789,88.578,104.583,192.693,184.545,139.950,132.806
C749,75.697,87.794,105.417,192.105,183.804,140.814,132.817
C750,75.606,87.205,106.250,191.517,182.504,141.679,132.828
C751,75.515,86.629,107.083,190.928,181.204,142.543,132.840
C752,75.424,86.054,107.917,190.340,179.904,143.407,132.851
C753,75.333,85.478,108.750,189.752,178.605,144.271,132.862
C754,75.242,84.903,109.584,189.163,177.305,145.136,132.874
C755,75.118,84.328,110.417,188.575,176.005,146.000,132.885
C756,74.916,83.752,111.251,187.987,174.706,146.864,132.896
C757,74.714,83.177,112.084,187.398,173.406,147.728,132.908
C758,74.511,82.601,112.918,186.810,172.106,148.593,132.919
C759,74.309,82.026,113.751,186.221,170.807,149.457,132.930
C760,74.106,81.451,114.585,185.633,169.507,150.321,132.942
C761,73.904,80.875,115.418,185.045,168.207,151.185,132.953
C762,73.701,80.300,116.251,184.456,166.907,152.049,132.964
C763,73.499,79.724,117.085,183.868,165.608,152.914,132.976
C764,73.297,79.149,117.918,183.280,164.308,153.778,132.983
C765,73.094,78.574,118.752,182.691,163.008,154.642,132.980
C766,72.892,77.998,119.585,182.103,161.709,155.506,132.976
C767,72.689,77.423,120.419,181.515,160.409,156.371,132.973
C768,72.487,76.847,121.252,180.926,159.109,157.235,132.969
C769,72.284,76.272,122.086,180.338,157.809,158.099,132.966
C770,72.082,75.697,122.919,179.750,156.510,158.963,132.962
C771,71.879,75.121,123.752,179.161,155.210,159.828,132.959
C772,71.677,74.546,124.586,177.043,153.910,160.692,132.955
C773,71.475,73.970,125.756,176.024,152.611,161.556,132.952
C774,71.272,73.395,127.055,178.450,151.311,162.420,132.948
C775,71.070,72.819,128.353,180.875,150.011,163.284,132.945
C776,70.867,72.244,129.652,183.301,148.712,164.149,132.942
C777,70.665,71.669,130.951,185.726,147.412,165.013,132.361
C778,70.462,71.093,132.249,188.152,146.112,165.877,131.763
C779,70.260,70.518,133.548,190.577,144.812,166.741,131.165
C780,70.058,69.942,134.846,193.003,143.513,167.606,130.567
C781,69.855,69.367,136.145,195.428,142.213,168.470,129.969
C782,69.653,68.792,137.444,197.854,140.913,169.334,129.371
C783,69.450,68.216,138.742,200.280,139.614,170.198,128.772
C784,69.248,67.641,140.041,202.705,138.314,171.063,128.174
C785,69.045,67.065,141.339,205.131,137.014,171.927,127.576
C786,68.843,66.490,140.319,207.556,135.714,172.791,126.978
C787,68.640,65.915,139.184,209.982,134.415,173.655,126.380
C788,68.438,65.339,138.050,212.407,133.115,174.519,125.782
C789,68.236,64.764,136.915,214.833,131.815,175.384,125.184
C790,68.033,64.188,135.781,217.258,130.516,176.248,124.585
C791,67.831,63.613,134.646,219.684,129.216,177.112,123.987
C792,67.628,63.038,133.512,222.110,127.916,177.976,123.389
C793,67.426,62.462,132.378,224.535,126.617,178.841,122.791
C794,67.223,61.887,131.243,226.961,125.317,179.705,122.193
C795,67.021,61.311,130.109,229.386,124.017,179.963,121.595
C796,66.819,60.736,128.974,231.812,122.717,180.037,120.996
C797,66.616,60.160,127.840,234.237,121.418,180.110,120.398
C798,66.414,59.585,126.705,236.663,120.118,180.184,119.800
C799,66.211,59.010,125.571,239.088,118.818,180.258,119.202
C800,66.009,58.434,124.436,241.514,117.519,180.332,118.604
C801,65.904,57.859,123.302,238.894,116.219,180.406,118.006
C802,66.522,57.283,122.168,234.601,114.919,180.479,117.407
C803,67.140,56.708,121.033,230.308,113.619,180.553,116.809
C804,67.758,56.133,119.899,226.015,112.320,180.627,116.211
C805,68.376,55.557,118.764,221.722,111.020,180.701,115.613
C806,68.995,54.982,117.630,217.429,109.720,180.774,115.015
C807,69.613,54.657,116.495,213.136,108.421,180.848,114.417
C808,70.231,54.413,115.361,208.843,107.121,180.922,113.819
C809,70.849,54.170,114.226,204.550,105.821,180.996,113.220
C810,71.467,53.926,113.092,200.257,104.521,181.070,112.622
C811,72.086,53.683,111.958,195.964,103.222,181.143,112.024
C812,72.704,53.439,110.823,191.671,101.922,181.217,111.426
C813,73.322,53.196,109.689,187.379,100.622,181.291,110.828
C814,73.940,52.952,108.833,183.086,99.323,181.282,110.230
C815,74.558,52.709,109.992,178.793,98.023,181.211,109.631
C816,75.177,52.465,111.151,174.500,96.723,181.140,109.033
C817,75.795,52.222,112.309,170.207,95.424,181.070,108.944
C818,76.413,51.978,113.468,165.914,94.124,180.999,109.281
C819,77.031,51.735,114.627,161.621,92.824,180.928,109.618
C820,77.649,51.491,115.786,157.328,91.524,180.858,109.955
C821,78.268,51.248,116.944,153.035,90.225,180.787,110.293
C822,78.886,51.004,118.103,148.742,91.140,180.716,110.630
C823,79.504,50.761,119.262,144.449,92.208,180.646,110.967
C824,80.122,50.517,120.421,140.156,93.275,180.575,111.304
C825,80.740,50.274,121.580,137.821,94.343,180.504,111.641
C826,81.359,50.030,121.335,138.539,95.410,180.434,111.979
C827,81.977,49.787,120.259,139.257,96.478,180.363,112.316
C828,82.595,49.543,119.182,139.975,97.546,180.292,112.653
C829,83.213,49.300,118.105,140.694,98.613,180.221,112.990
C830,83.831,49.056,117.029,141.412,99.681,180.151,113.328
C831,84.450,48.813,115.952,142.130,100.748,180.080,113.665
C832,85.068,48.569,114.876,142.754,101.816,180.009,114.002
C833,85.686,48.326,113.799,142.510,102.884,179.939,114.339
C834,86.304,48.082,112.722,142.266,103.951,179.868,114.676
C835,86.922,47.839,111.646,142.022,105.019,179.797,115.014
C836,87.541,47.595,110.569,141.778,106.086,179.727,115.351
C837,88.159,47.352,109.492,141.534,107.154,179.656,115.688
C838,88.777,47.108,108.416,141.290,108.222,179.585,116.025
C839,89.395,46.865,107.339,141.046,109.289,179.515,116.363
C840,90.013,46.621,106.262,140.802,110.357,179.444,116.700
C841,90.632,46.378,105.186,140.558,111.424,179.373,116.473
C842,91.250,46.134,104.109,140.314,112.492,179.302,115.488
C843,91.868,45.891,103.033,140.070,113.560,179.232,114.503
C844,92.486,45.647,101.956,139.826,114.627,179.161,113.519
C845,93.104,45.404,100.879,139.582,115.695,179.090,112.534
C846,93.723,45.160,99.803,139.338,116.762,179.020,111.549
C847,94.341,44.917,98.726,138.982,117.830,178.949,110.564
C848,94.959,44.673,97.649,138.144,118.898,178.878,109.580
C849,95.577,44.430,96.573,137.306,119.965,178.808,108.595
C850,96.195,44.186,95.496,136.468,121.033,178.737,107.610
C851,96.814,43.943,94.419,135.630,122.100,178.666,106.625
C852,97.432,43.699,95.812,134.792,123.168,178.596,106.200
C853,98.050,43.456,99.172,133.954,124.236,178.525,106.088
C854,98.668,43.212,102.532,133.116,125.303,178.454,105.976
C855,99.286,42.969,105.892,132.278,126.371,178.383,105.864
C856,99.905,42.725,109.252,131.440,127.438,178.313,105.751
C857,100.523,42.482,112.612,130.602,128.506,178.242,105.639
C858,101.141,42.238,115.972,129.764,129.574,178.171,105.527
C859,101.759,41.995,117.083,128.925,130.641,178.101,105.415
C860,102.378,41.751,117.181,128.087,131.632,178.030,105.302
C861,102.996,41.508,117.279,127.249,132.313,177.959,105.190
C862,103.614,41.264,117.377,126.411,132.995,177.889,105.078
C863,104.232,41.021,117.475,125.573,133.676,177.818,104.965
C864,104.850,40.777,117.573,124.735,134.357,177.747,104.853
C865,105.469,40.534,117.671,123.897,135.039,177.676,104.741
C866,106.087,40.290,117.769,123.059,135.720,177.606,104.629
C867,106.705,40.047,117.867,122.221,136.402,177.535,104.516
C868,107.323,39.803,117.965,121.383,137.083,177.464,104.404
C869,107.941,39.560,118.063,120.545,137.764,177.394,104.292
C870,108.560,39.316,118.161,119.707,138.446,177.323,104.180
C871,109.178,39.073,118.259,118.869,139.127,177.252,104.067
C872,109.796,38.829,118.357,118.031,139.809,177.182,103.955
C873,110.414,38.586,118.398,115.961,140.490,177.111,103.843
C874,111.032,38.342,118.007,116.137,141.171,177.040,103.730
C875,111.651,38.099,117.616,0.000,141.853,176.970,103.618
C876,112.269,37.855,117.225,0.000,142.534,176.899,103.506
C877,112.887,37.612,116.834,0.000,143.215,176.828,103.394
C878,113.505,37.368,116.443,0.000,143.897,176.757,103.281
C879,114.123,37.125,116.052,0.000,144.578,176.687,103.169
C880,114.742,36.881,115.661,0.000,145.260,176.616,103.057
C881,115.360,36.638,115.270,0.000,145.941,176.545,102.945
C882,115.978,36.394,114.879,0.000,146.622,176.475,102.832
C883,116.596,36.151,114.488,0.000,147.304,176.404,102.720
C884,117.214,35.907,114.097,0.000,147.985,176.333,102.608
C885,117.833,35.664,113.706,0.000,148.667,176.263,102.495
C886,118.584,35.420,113.315,0.000,149.348,176.192,102.383
C887,119.589,35.177,112.924,0.000,150.029,176.121,102.271
C888,120.595,34.933,112.533,0.000,150.711,176.051,102.159
C889,121.601,34.690,112.143,0.000,151.392,175.980,102.046
C890,122.607,34.446,111.752,0.000,152.073,175.909,101.934
C891,123.612,34.203,111.361,0.000,152.755,175.838,101.822
C892,124.618,33.959,110.970,0.000,153.436,175.768,101.710
C893,124.517,33.716,110.579,0.000,154.118,175.697,101.597
C894,124.250,33.475,110.188,0.000,154.799,175.626,101.485
C895,123.982,33.252,109.797,0.000,155.480,175.556,101.373
C896,123.714,33.030,109.406,0.000,156.162,175.485,101.260
C897,123.447,32.807,109.015,0.000,156.843,175.414,101.148
C898,123.179,32.584,108.624,0.000,157.525,175.344,101.036
C899,122.911,32.362,108.233,0.000,158.206,175.273,100.924
C900,122.644,32.139,107.842,0.000,158.887,175.386,100.811
C901,122.376,31.916,107.451,0.000,159.569,175.551,100.699
C902,122.108,31.694,107.060,0.000,160.250,175.716,101.915
C903,121.841,31.471,106.669,0.000,160.932,175.881,103.866
C904,121.573,31.248,106.278,0.000,161.613,176.046,105.818
C905,121.305,31.026,105.887,0.000,161.668,176.211,107.769
C906,121.038,30.803,105.496,0.000,159.725,176.376,109.720
C907,120.770,30.580,105.105,0.000,157.782,176.541,111.672
C908,120.502,30.358,104.714,0.000,155.839,176.706,111.320
C909,120.235,30.135,104.323,0.000,153.896,176.871,110.877
C910,119.967,29.912,103.932,0.000,151.952,177.036,110.434
C911,119.699,29.690,103.541,0.000,150.009,177.201,109.991
C912,119.432,29.467,103.150,0.000,148.066,177.366,109.549
C913,119.164,29.244,102.759,0.000,146.123,177.531,109.106
C914,118.896,29.022,102.368,0.000,144.180,177.696,108.663
C915,118.629,28.799,101.977,0.000,142.237,177.861,108.220
C916,118.361,28.576,101.587,0.000,140.294,178.026,107.778
C917,118.093,28.354,101.196,0.000,138.351,178.191,107.335
C918,117.826,28.131,100.805,0.000,136.407,178.357,106.892
C919,117.558,27.908,100.414,0.000,134.464,178.522,106.450
C920,117.290,27.686,100.023,0.000,132.521,178.687,106.007
C921,117.023,29.350,99.632,0.000,130.578,178.852,105.564
C922,116.755,31.516,99.241,0.000,128.635,179.017,105.121
C923,116.487,33.683,98.850,0.000,126.692,179.182,104.679
C924,116.220,35.849,98.459,0.000,124.749,179.347,104.236
C925,115.952,38.016,98.068,0.000,122.806,179.512,103.793
C926,115.684,40.183,97.677,0.000,120.862,179.677,103.351
C927,115.417,42.349,97.286,0.000,118.919,179.720,102.908
C928,115.149,44.516,96.895,0.000,116.976,179.563,102.465
C929,114.881,46.682,96.504,0.000,115.033,179.406,102.022
C930,114.614,48.849,96.113,0.000,113.090,179.249,101.580
C931,114.346,51.015,95.722,0.000,111.147,179.092,101.137
C932,114.078,53.182,95.331,0.000,109.204,178.934,100.694
C933,113.810,55.349,94.940,0.000,107.260,178.777,100.252
C934,113.543,57.515,94.549,0.000,105.317,178.620,99.809
C935,113.275,59.682,94.158,0.000,103.374,178.463,99.366
C936,113.007,61.848,93.767,0.000,101.431,178.306,98.923
C937,112.740,64.015,93.376,0.000,99.488,178.149,98.481
C938,112.472,66.181,92.985,0.000,97.545,177.992,98.038
C939,112.204,68.348,92.594,0.000,95.602,177.835,97.701
C940,111.937,70.515,92.203,0.000,93.837,177.677,100.101
C941,111.669,72.681,91.812,0.000,94.501,177.520,102.500
C942,111.401,74.848,91.421,0.000,95.165,177.363,104.900
C943,111.242,77.014,91.031,0.000,95.829,177.206,107.299
C944,111.119,79.181,90.640,0.000,96.494,177.049,109.699
C945,110.996,81.347,90.249,0.000,97.158,176.892,110.821
C946,110.873,83.514,89.858,0.000,97.822,176.735,111.190
C947,110.750,85.681,89.467,0.000,98.486,176.578,111.558
C948,110.627,87.847,89.076,0.000,99.151,176.420,111.926
C949,110.504,90.014,88.685,0.000,99.815,176.263,112.295
C950,110.381,92.180,88.294,0.000,100.479,176.106,112.663
C951,110.258,94.347,87.903,0.000,101.143,175.949,113.032
C952,110.135,96.513,87.512,0.000,101.808,175.792,113.400
C953,110.013,98.680,87.121,0.000,102.472,175.635,113.768
C954,109.890,100.847,86.730,0.000,103.136,175.478,114.137
C955,109.767,103.013,86.452,0.000,103.800,175.321,114.505
C956,109.644,104.991,86.237,0.000,104.465,175.163,114.873
C957,109.521,104.477,86.022,0.000,105.129,175.006,115.242
C958,109.398,103.963,85.806,0.000,105.793,174.849,115.610
C959,109.466,103.449,85.591,0.000,106.457,174.692,115.979
C960,109.566,102.935,85.376,0.000,107.122,174.535,116.347
C961,109.666,102.421,85.160,0.000,107.786,174.378,116.715
C962,109.766,101.907,84.945,0.000,108.450,174.221,117.084
C963,109.866,101.392,84.730,0.000,109.114,174.063,117.452
C964,109.966,100.878,84.514,0.000,109.779,173.906,117.820
C965,110.066,100.364,84.299,0.000,110.443,173.749,118.189
C966,110.166,99.850,84.083,0.000,111.107,173.592,118.557
C967,110.266,99.336,83.868,0.000,111.771,173.435,118.926
C968,110.366,98.822,83.653,0.000,112.436,173.278,119.294
C969,110.466,98.308,83.437,0.000,113.100,173.121,119.662
C970,110.567,97.794,83.222,0.000,113.764,172.964,120.031
C971,110.667,97.280,83.007,0.000,114.428,172.806,120.399
C972,110.767,96.766,82.791,0.000,115.093,172.649,120.767
C973,110.867,96.252,82.576,0.000,115.757,172.492,120.136
C974,110.967,95.738,82.361,0.000,0.000,172.335,118.644
C975,111.067,95.224,82.145,0.000,0.000,172.178,117.151
C976,111.167,94.710,81.930,0.000,0.000,172.021,115.659
C977,111.267,94.196,81.715,0.000,0.000,171.864,114.166
C978,111.367,93.682,81.499,0.000,0.000,171.707,112.674
C979,111.467,93.167,81.284,0.000,0.000,171.549,111.181
C980,111.567,92.653,81.069,0.000,0.000,171.392,109.689
C981,111.667,92.139,80.853,0.000,0.000,171.235,108.196
C982,111.767,91.625,80.638,0.000,0.000,171.078,106.704
C983,111.867,91.111,80.423,0.000,0.000,170.921,105.419
C984,111.967,90.597,80.207,0.000,0.000,170.764,105.402
C985,112.067,90.083,79.992,0.000,0.000,170.607,105.384
C986,112.167,89.569,79.777,0.000,0.000,170.450,105.367
C987,112.267,89.055,79.561,0.000,0.000,170.171,105.350
C988,112.367,88.541,79.346,0.000,0.000,169.729,105.333
C989,112.467,88.027,79.131,0.000,0.000,169.287,105.316
C990,112.567,87.540,78.915,0.000,0.000,168.845,105.299
C991,112.667,87.300,78.700,0.000,0.000,168.403,105.282
C992,112.767,87.060,78.485,0.000,0.000,167.961,105.265
C993,112.867,86.819,78.269,0.000,0.000,167.520,105.248
C994,112.967,86.579,78.054,0.000,0.000,167.078,105.230
C995,113.067,86.338,77.838,0.000,0.000,166.636,105.213
C996,113.167,86.098,77.623,0.000,0.000,166.194,105.196
C997,113.267,85.858,77.408,0.000,0.000,165.752,105.179
C998,113.367,85.617,77.192,0.000,0.000,165.310,0.000
C999,113.468,85.377,76.977,0.000,0.000,164.868,0.000
C1000,113.568,85.137,76.762,0.000,0.000,164.426,0.000
C1001,113.668,84.896,76.546,0.000,0.000,163.984,0.000
C1002,113.768,84.656,76.331,0.000,0.000,163.542,0.000
C1003,113.868,84.415,76.116,0.000,0.000,163.100,0.000
C1004,113.968,84.175,75.900,0.000,0.000,162.658,0.000
C1005,114.068,83.935,75.685,0.000,0.000,162.216,0.000
C1006,114.168,83.694,75.470,0.000,0.000,161.774,0.000
C1007,114.268,83.454,75.254,0.000,0.000,161.332,0.000
C1008,114.368,83.214,75.039,0.000,0.000,160.890,0.000
C1009,114.468,82.973,74.824,0.000,0.000,160.449,0.000
C1010,114.568,82.733,74.608,0.000,0.000,160.007,0.000
C1011,114.668,82.492,74.393,0.000,0.000,0.000,0.000
C1012,114.768,82.252,74.178,0.000,0.000,0.000,0.000
C1013,114.868,82.012,73.962,0.000,0.000,0.000,0.000
C1014,114.968,81.771,73.747,0.000,0.000,0.000,0.000
C1015,115.068,81.531,0.000,0.000,0.000,0.000,0.000
C1016,115.168,81.291,0.000,0.000,0.000,0.000,0.000
C1017,115.268,81.050,0.000,0.000,0.000,0.000,0.000
C1018,115.368,80.810,0.000,0.000,0.000,0.000,0.000
C1019,115.468,80.569,0.000,0.000,0.000,0.000,0.000
C1020,115.568,80.329,0.000,0.000,0.000,0.000,0.000
C1021,115.668,80.178,0.000,0.000,0.000,0.000,0.000
C1022,115.768,80.325,0.000,0.000,0.000,0.000,0.000
C1023,115.868,80.472,0.000,0.000,0.000,0.000,0.000
C1024,115.968,80.619,0.000,0.000,0.000,0.000,0.000
C1025,116.068,80.766,0.000,0.000,0.000,0.000,0.000
C1026,116.168,80.913,0.000,0.000,0.000,0.000,0.000
C1027,116.268,81.060,0.000,0.000,0.000,0.000,0.000
C1028,116.369,81.207,0.000,0.000,0.000,0.000,0.000
C1029,116.469,81.354,0.000,0.000,0.000,0.000,0.000
C1030,116.569,81.501,0.000,0.000,0.000,0.000,0.000
C1031,116.669,81.648,0.000,0.000,0.000,0.000,0.000
C1032,116.769,81.795,0.000,0.000,0.000,0.000,0.000
C1033,116.869,81.942,0.000,0.000,0.000,0.000,0.000
C1034,116.969,82.089,0.000,0.000,0.000,0.000,0.000
C1035,117.069,82.236,0.000,0.000,0.000,0.000,0.000
C1036,117.169,82.383,0.000,0.000,0.000,0.000,0.000
C1037,117.269,82.530,0.000,0.000,0.000,0.000,0.000
C1038,117.044,82.677,0.000,0.000,0.000,0.000,0.000
C1039,116.441,82.824,0.000,0.000,0.000,0.000,0.000
C1040,115.838,82.971,0.000,0.000,0.000,0.000,0.000
C1041,115.235,83.118,0.000,0.000,0.000,0.000,0.000
C1042,114.631,83.265,0.000,0.000,0.000,0.000,0.000
C1043,114.028,83.412,0.000,0.000,0.000,0.000,0.000
C1044,113.425,83.559,0.000,0.000,0.000,0.000,0.000
C1045,112.822,83.706,0.000,0.000,0.000,0.000,0.000
C1046,112.219,83.853,0.000,0.000,0.000,0.000,0.000
C1047,111.616,84.000,0.000,0.000,0.000,0.000,0.000
C1048,111.013,84.147,0.000,0.000,0.000,0.000,0.000
C1049,110.410,84.294,0.000,0.000,0.000,0.000,0.000
C1050,109.807,84.441,0.000,0.000,0.000,0.000,0.000
C1051,109.204,84.588,0.000,0.000,0.000,0.000,0.000
C1052,108.601,84.735,0.000,0.000,0.000,0.000,0.000
C1053,107.997,84.882,0.000,0.000,0.000,0.000,0.000
C1054,107.394,85.029,0.000,0.000,0.000,0.000,0.000
C1055,106.791,85.176,0.000,0.000,0.000,0.000,0.000
C1056,106.188,85.323,0.000,0.000,0.000,0.000,0.000
C1057,105.585,85.470,0.000,0.000,0.000,0.000,0.000
C1058,104.982,85.617,0.000,0.000,0.000,0.000,0.000
C1059,104.379,85.764,0.000,0.000,0.000,0.000,0.000
C1060,103.776,85.911,0.000,0.000,0.000,0.000,0.000
C1061,103.173,86.058,0.000,0.000,0.000,0.000,0.000
C1062,102.570,86.204,0.000,0.000,0.000,0.000,0.000
C1063,101.967,86.351,0.000,0.000,0.000,0.000,0.000
C1064,101.363,86.498,0.000,0.000,0.000,0.000,0.000
C1065,100.760,86.645,0.000,0.000,0.000,0.000,0.000
C1066,100.157,86.792,0.000,0.000,0.000,0.000,0.000
C1067,99.554,86.939,0.000,0.000,0.000,0.000,0.000
C1068,98.951,87.086,0.000,0.000,0.000,0.000,0.000
C1069,98.348,87.233,0.000,0.000,0.000,0.000,0.000
C1070,97.745,87.380,0.000,0.000,0.000,0.000,0.000
C1071,97.142,87.527,0.000,0.000,0.000,0.000,0.000
C1072,96.539,87.674,0.000,0.000,0.000,0.000,0.000
C1073,95.936,87.821,0.000,0.000,0.000,0.000,0.000
C1074,95.333,87.968,0.000,0.000,0.000,0.000,0.000
C1075,94.730,88.115,0.000,0.000,0.000,0.000,0.000
C1076,94.126,88.262,0.000,0.000,0.000,0.000,0.000
C1077,93.523,88.409,0.000,0.000,0.000,0.000,0.000
C1078,92.920,88.556,0.000,0.000,0.000,0.000,0.000
C1079,92.317,88.703,0.000,0.000,0.000,0.000,0.000
C1080,91.714,88.850,0.000,0.000,0.000,0.000,0.000
C1081,91.111,88.997,0.000,0.000,0.000,0.000,0.000
C1082,90.508,89.144,0.000,0.000,0.000,0.000,0.000
C1083,89.905,89.291,0.000,0.000,0.000,0.000,0.000
C1084,89.302,89.438,0.000,0.000,0.000,0.000,0.000
C1085,88.699,89.585,0.000,0.000,0.000,0.000,0.000
C1086,88.096,89.732,0.000,0.000,0.000,0.000,0.000
C1087,87.492,89.879,0.000,0.000,0.000,0.000,0.000
C1088,86.889,90.026,0.000,0.000,0.000,0.000,0.000
C1089,86.286,90.173,0.000,0.000,0.000,0.000,0.000
C1090,85.683,90.320,0.000,0.000,0.000,0.000,0.000
C1091,85.080,90.467,0.000,0.000,0.000,0.000,0.000
C1092,84.477,90.614,0.000,0.000,0.000,0.000,0.000
C1093,83.874,90.761,0.000,0.000,0.000,0.000,0.000
C1094,83.271,90.908,0.000,0.000,0.000,0.000,0.000
C1095,82.668,91.055,0.000,0.000,0.000,0.000,0.000
C1096,82.065,91.202,0.000,0.000,0.000,0.000,0.000
C1097,81.462,91.349,0.000,0.000,0.000,0.000,0.000
C1098,80.858,91.496,0.000,0.000,0.000,0.000,0.000
C1099,80.255,91.643,0.000,0.000,0.000,0.000,0.000
C1100,79.652,91.790,0.000,0.000,0.000,0.000,0.000
C1101,79.049,91.937,0.000,0.000,0.000,0.000,0.000
C1102,78.689,92.084,0.000,0.000,0.000,0.000,0.000
C1103,79.190,92.231,0.000,0.000,0.000,0.000,0.000
C1104,79.691,92.378,0.000,0.000,0.000,0.000,0.000
C1105,79.813,92.525,0.000,0.000,0.000,0.000,0.000
C1106,79.912,92.672,0.000,0.000,0.000,0.000,0.000
C1107,80.011,92.819,0.000,0.000,0.000,0.000,0.000
C1108,80.110,0.000,0.000,0.000,0.000,0.000,0.000
C1109,80.210,0.000,0.000,0.000,0.000,0.000,0.000
C1110,80.309,0.000,0.000,0.000,0.000,0.000,0.000
C1111,80.408,0.000,0.000,0.000,0.000,0.000,0.000
C1112,80.507,0.000,0.000,0.000,0.000,0.000,0.000
C1113,80.606,0.000,0.000,0.000,0.000,0.000,0.000
C1114,80.705,0.000,0.000,0.000,0.000,0.000,0.000
C1115,80.804,0.000,0.000,0.000,0.000,0.000,0.000
C1116,80.903,0.000,0.000,0.000,0.000,0.000,0.000
C1117,81.002,0.000,0.000,0.000,0.000,0.000,0.000
C1118,81.101,0.000,0.000,0.000,0.000,0.000,0.000
C1119,81.200,0.000,0.000,0.000,0.000,0.000,0.000
C1120,81.299,0.000,0.000,0.000,0.000,0.000,0.000
C1121,81.398,0.000,0.000,0.000,0.000,0.000,0.000
C1122,81.498,0.000,0.000,0.000,0.000,0.000,0.000
C1123,81.597,0.000,0.000,0.000,0.000,0.000,0.000
C1124,81.696,0.000,0.000,0.000,0.000,0.000,0.000
C1125,81.795,0.000,0.000,0.000,0.000,0.000,0.000
C1126,81.894,0.000,0.000,0.000,0.000,0.000,0.000
C1127,81.993,0.000,0.000,0.000,0.000,0.000,0.000
C1128,82.092,0.000,0.000,0.000,0.000,0.000,0.000
C1129,82.191,0.000,0.000,0.000,0.000,0.000,0.000
C1130,82.290,0.000,0.000,0.000,0.000,0.000,0.000
C1131,82.389,0.000,0.000,0.000,0.000,0.000,0.000
C1132,82.488,0.000,0.000,0.000,0.000,0.000,0.000
C1133,82.587,0.000,0.000,0.000,0.000,0.000,0.000
C1134,82.686,0.000,0.000,0.000,0.000,0.000,0.000
C1135,82.786,0.000,0.000,0.000,0.000,0.000,0.000
C1136,82.885,0.000,0.000,0.000,0.000,0.000,0.000
C1137,82.984,0.000,0.000,0.000,0.000,0.000,0.000
C1138,83.083,0.000,0.000,0.000,0.000,0.000,0.000
C1139,83.182,0.000,0.000,0.000,0.000,0.000,0.000
C1140,83.281,0.000,0.000,0.000,0.000,0.000,0.000
C1141,83.380,0.000,0.000,0.000,0.000,0.000,0.000
C1142,83.479,0.000,0.000,0.000,0.000,0.000,0.000
C1143,83.578,0.000,0.000,0.000,0.000,0.000,0.000
C1144,83.677,0.000,0.000,0.000,0.000,0.000,0.000
C1145,83.776,0.000,0.000,0.000,0.000,0.000,0.000
C1146,83.875,0.000,0.000,0.000,0.000,0.000,0.000
C1147,83.974,0.000,0.000,0.000,0.000,0.000,0.000
C1148,84.073,0.000,0.000,0.000,0.000,0.000,0.000
C1149,84.173,0.000,0.000,0.000,0.000,0.000,0.000
C1150,84.272,0.000,0.000,0.000,0.000,0.000,0.000
C1151,84.371,0.000,0.000,0.000,0.000,0.000,0.000
C1152,84.470,0.000,0.000,0.000,0.000,0.000,0.000
C1153,84.569,0.000,0.000,0.000,0.000,0.000,0.000
C1154,84.668,0.000,0.000,0.000,0.000,0.000,0.000
C1155,84.767,0.000,0.000,0.000,0.000,0.000,0.000
C1156,84.866,0.000,0.000,0.000,0.000,0.000,0.000
C1157,84.965,0.000,0.000,0.000,0.000,0.000,0.000
C1158,85.064,0.000,0.000,0.000,0.000,0.000,0.000
C1159,85.163,0.000,0.000,0.000,0.000,0.000,0.000
C1160,85.262,0.000,0.000,0.000,0.000,0.000,0.000
C1161,85.361,0.000,0.000,0.000,0.000,0.000,0.000
C1162,85.461,0.000,0.000,0.000,0.000,0.000,0.000
C1163,85.560,0.000,0.000,0.000,0.000,0.000,0.000
C1164,85.659,0.000,0.000,0.000,0.000,0.000,0.000
C1165,85.758,0.000,0.000,0.000,0.000,0.000,0.000
C1166,85.857,0.000,0.000,0.000,0.000,0.000,0.000
C1167,85.956,0.000,0.000,0.000,0.000,0.000,0.000
C1168,86.055,0.000,0.000,0.000,0.000,0.000,0.000
C1169,86.154,0.000,0.000,0.000,0.000,0.000,0.000
C1170,86.253,0.000,0.000,0.000,0.000,0.000,0.000
C1171,86.352,0.000,0.000,0.000,0.000,0.000,0.000
C1172,86.451,0.000,0.000,0.000,0.000,0.000,0.000
C1173,86.550,0.000,0.000,0.000,0.000,0.000,0.000
C1174,86.649,0.000,0.000,0.000,0.000,0.000,0.000
C1175,86.748,0.000,0.000,0.000,0.000,0.000,0.000
C1176,86.848,0.000,0.000,0.000,0.000,0.000,0.000
C1177,86.947,0.000,0.000,0.000,0.000,0.000,0.000
C1178,87.046,0.000,0.000,0.000,0.000,0.000,0.000
C1179,87.145,0.000,0.000,0.000,0.000,0.000,0.000
C1180,87.306,0.000,0.000,0.000,0.000,0.000,0.000
C1181,87.485,0.000,0.000,0.000,0.000,0.000,0.000
C1182,87.665,0.000,0.000,0.000,0.000,0.000,0.000
C1183,87.845,0.000,0.000,0.000,0.000,0.000,0.000
C1184,87.968,0.000,0.000,0.000,0.000,0.000,0.000
C1185,87.930,0.000,0.000,0.000,0.000,0.000,0.000
C1186,87.891,0.000,0.000,0.000,0.000,0.000,0.000
C1187,87.853,0.000,0.000,0.000,0.000,0.000,0.000
C1188,87.815,0.000,0.000,0.000,0.000,0.000,0.000
C1189,87.777,0.000,0.000,0.000,0.000,0.000,0.000
C1190,87.739,0.000,0.000,0.000,0.000,0.000,0.000
C1191,87.700,0.000,0.000,0.000,0.000,0.000,0.000
C1192,87.662,0.000,0.000,0.000,0.000,0.000,0.000
C1193,87.624,0.000,0.000,0.000,0.000,0.000,0.000
C1194,87.586,0.000,0.000,0.000,0.000,0.000,0.000
C1195,87.547,0.000,0.000,0.000,0.000,0.000,0.000
C1196,87.509,0.000,0.000,0.000,0.000,0.000,0.000
C1197,87.471,0.000,0.000,0.000,0.000,0.000,0.000
C1198,87.433,0.000,0.000,0.000,0.000,0.000,0.000
C1199,87.395,0.000,0.000,0.000,0.000,0.000,0.000
C1200,87.356,0.000,0.000,0.000,0.000,0.000,0.000
C1201,87.318,0.000,0.000,0.000,0.000,0.000,0.000
C1202,87.280,0.000,0.000,0.000,0.000,0.000,0.000
C1203,87.242,0.000,0.000,0.000,0.000,0.000,0.000
C1204,87.203,0.000,0.000,0.000,0.000,0.000,0.000
C1205,87.165,0.000,0.000,0.000,0.000,0.000,0.000
C1206,87.127,0.000,0.000,0.000,0.000,0.000,0.000
C1207,87.089,0.000,0.000,0.000,0.000,0.000,0.000
C1208,87.051,0.000,0.000,0.000,0.000,0.000,0.000
C1209,87.012,0.000,0.000,0.000,0.000,0.000,0.000
C1210,86.974,0.000,0.000,0.000,0.000,0.000,0.000
C1211,86.936,0.000,0.000,0.000,0.000,0.000,0.000
C1212,86.898,0.000,0.000,0.000,0.000,0.000,0.000
C1213,86.859,0.000,0.000,0.000,0.000,0.000,0.000
C1214,86.821,0.000,0.000,0.000,0.000,0.000,0.000
C1215,86.783,0.000,0.000,0.000,0.000,0.000,0.000
C1216,86.745,0.000,0.000,0.000,0.000,0.000,0.000
C1217,86.706,0.000,0.000,0.000,0.000,0.000,0.000
C1218,86.668,0.000,0.000,0.000,0.000,0.000,0.000
C1219,86.630,0.000,0.000,0.000,0.000,0.000,0.000
C1220,86.592,0.000,0.000,0.000,0.000,0.000,0.000
C1221,86.554,0.000,0.000,0.000,0.000,0.000,0.000
C1222,86.515,0.000,0.000,0.000,0.000,0.000,0.000
C1223,86.477,0.000,0.000,0.000,0.000,0.000,0.000
C1224,86.439,0.000,0.000,0.000,0.000,0.000,0.000
C1225,86.401,0.000,0.000,0.000,0.000,0.000,0.000
C1226,86.362,0.000,0.000,0.000,0.000,0.000,0.000
C1227,86.324,0.000,0.000,0.000,0.000,0.000,0.000
C1228,86.286,0.000,0.000,0.000,0.000,0.000,0.000
